{
    "data" :
        [
            [
                {
                    "INPUT" : ["1"]
                },
                {
                    "INPUT" : ["2"]
                },
                {
                    "INPUT" : ["3"]
                },
                {
                    "INPUT" : ["4"]
                }
            ],
            [
                {
                    "INPUT" : ["1"]
                },
                {
                    "INPUT" : ["1"]
                },
                {
                    "INPUT" : ["1"]
                }
            ],
            [
                {
                    "INPUT" : ["1"]
                },
                {
                    "INPUT" : ["1"]
                }
            ]
        ]
}
