{
    "data" :
        [
            [
                {
                    "INPUT" : ["1"]
                },
                {
                    "INPUT" : ["2"]
                },
                {
                    "INPUT" : ["3"]
                },
                {
                    "INPUT" : ["4"]
                }
            ]
        ],
    "validation_data" :
        [
            [
                {
                    "OUTPUT" : ["2"]
                },
                {
                    "OUTPUT" : ["2"]
                },
                {
                    "OUTPUT" : ["3"]
                },
                {
                    "OUTPUT" : ["4"]
                }
            ]
        ]
}
