{
    "data" :
        [
            {
                "INPUT0" :
                    {
                        "content": ["1", "1", "1", "1", "1", "1", "1", "1", "1", "1", "1", "1", "1", "1", "1", "1"],
                        "shape": [2,8]
                    },
                "INPUT1" :
                    {
                        "content": ["1", "1", "1", "1", "1", "1", "1", "1", "1", "1", "1", "1", "1", "1", "1", "1"],
                        "shape": [2,8]
                    }          
            },
            {
                "INPUT0" :
                    {
                        "content": ["1", "1", "1", "1", "1", "1", "1", "1", "1", "1", "1", "1", "1", "1", "1", "1"]
                    },
                "INPUT1" :
                    {
                        "content": ["1", "1", "1", "1", "1", "1", "1", "1", "1", "1", "1", "1", "1", "1", "1", "1"]
                    }          
            },
            {
                "INPUT0" :
                    {
                        "content": ["1", "1", "1", "1", "1", "1", "1", "1", "1", "1", "1", "1", "1", "1", "1", "1"]
                    },
                "INPUT1" :
                    {
                        "content": ["1", "1", "1", "1", "1", "1", "1", "1", "1", "1", "1", "1", "1", "1", "1", "1"]
                    }          
            },
            {
                "INPUT0" :
                    {
                        "content": ["1", "1", "1", "1", "1", "1", "1", "1", "1", "1", "1", "1", "1", "1", "1", "1"],
                        "shape": [2,8]
                    },
                "INPUT1" :
                    {
                        "content": ["1", "1", "1", "1", "1", "1", "1", "1", "1", "1", "1", "1", "1", "1", "1", "1"],
                        "shape": [2,8]
                    }          
            }
        ]
}
